{
  "timestamp": "2025-12-06T17:11:04.474650",
  "stat_col": "YDS",
  "line_value": 37.5,
  "n_past_games_seq": 5,
  "results": [
    {
      "model": "XGB_tabular",
      "window_len": 1,
      "auc": 0.7957462601011531,
      "ece": 0.012300070469733387,
      "pace2": 0.13656393527033397,
      "n": 7133
    },
    {
      "model": "LSTM_seq",
      "window_len": 5,
      "auc": 0.7876946739791485,
      "ece": 0.015773191957620624,
      "pace2": 0.17357512600124786,
      "n": 4448
    },
    {
      "model": "TFT_seq",
      "window_len": 5,
      "auc": 0.7846737888135709,
      "ece": 0.06976469586228136,
      "pace2": 0.14306754927864188,
      "n": 4448
    }
  ]
}