{
    "ECE": 0.003275737166404724,
    "PCE": 0.08302649110555649,
    "AUC": 0.5
}