{
    "ECE": 0.08284066777752372,
    "PCE": 0.5227292692280251,
    "AUC": 0.7153829045139767
}