{
    "ECE": 0.0956838492380113,
    "PCE": 0.3757738644673944,
    "AUC": 0.7121133464759305
}