{"ECE": 0.01774404947975239, "PCE": 0.07630956705127445, "AUC": 0.8241787879388505}